{
	"texture_size": [32, 32],
	"textures": {
		"0": "custom/spear",
		"particle": "custom/spear"
	},
	"elements": [
		{
			"name": "stick",
			"from": [8, -16, 7],
			"to": [9, 14, 8],
			"faces": {
				"north": {"uv": [0, 0, 0.5, 15], "texture": "#0"},
				"east": {"uv": [0.5, 0, 1, 15], "texture": "#0"},
				"south": {"uv": [1, 0, 1.5, 15], "texture": "#0"},
				"west": {"uv": [1.5, 0, 2, 15], "texture": "#0"},
				"up": {"uv": [2.5, 0.5, 2, 0], "texture": "#0"},
				"down": {"uv": [2.5, 0.5, 2, 1], "texture": "#0"}
			}
		},
		{
			"from": [7.375, 14.5, 7.25],
			"to": [9.625, 17, 7.75],
			"faces": {
				"north": {"uv": [3, 2.5, 4.125, 3.75], "texture": "#0"},
				"east": {"uv": [4, 1, 4.25, 2.25], "texture": "#0"},
				"south": {"uv": [2.5, 1.5, 3.625, 2.75], "texture": "#0"},
				"west": {"uv": [2, 2, 2.25, 3.25], "texture": "#0"},
				"up": {"uv": [2, 1.5, 3.125, 1.75], "texture": "#0"},
				"down": {"uv": [3, 2, 4.125, 2.25], "texture": "#0"}
			}
		},
		{
			"from": [7.5, 17, 7.25],
			"to": [9.5, 19, 7.75],
			"faces": {
				"north": {"uv": [2.5, 2, 3.5, 3], "texture": "#0"},
				"east": {"uv": [2, 1, 2.25, 2], "texture": "#0"},
				"south": {"uv": [2.5, 1, 3.5, 2], "texture": "#0"},
				"west": {"uv": [2, 2, 2.25, 3], "texture": "#0"},
				"up": {"uv": [2, 3, 3, 3.25], "texture": "#0"},
				"down": {"uv": [2, 3.5, 3, 3.75], "texture": "#0"}
			}
		},
		{
			"from": [7.75, 14, 7],
			"to": [9.25, 14.5, 8],
			"faces": {
				"north": {"uv": [2, 0, 2.75, 0.25], "texture": "#0"},
				"east": {"uv": [2, 0, 2.5, 0.25], "texture": "#0"},
				"south": {"uv": [2, 0, 2.75, 0.25], "texture": "#0"},
				"west": {"uv": [2, 0, 2.5, 0.25], "texture": "#0"},
				"up": {"uv": [2, 0, 2.75, 0.5], "texture": "#0"},
				"down": {"uv": [2, 0, 2.75, 0.5], "texture": "#0"}
			}
		},
		{
			"from": [7.75, 19, 7.25],
			"to": [9.25, 20.5, 7.75],
			"faces": {
				"north": {"uv": [2.5, 1, 3.25, 1.75], "texture": "#0"},
				"east": {"uv": [4, 2.5, 4.25, 3.25], "texture": "#0"},
				"south": {"uv": [2.5, 3, 3.25, 3.75], "texture": "#0"},
				"west": {"uv": [2, 2.5, 2.25, 3.25], "texture": "#0"},
				"up": {"uv": [3.5, 1, 4.25, 1.25], "texture": "#0"},
				"down": {"uv": [2, 3.5, 2.75, 3.75], "texture": "#0"}
			}
		},
		{
			"from": [8, 20.5, 7.25],
			"to": [9, 21.5, 7.75],
			"faces": {
				"north": {"uv": [3, 2, 3.5, 2.5], "texture": "#0"},
				"east": {"uv": [3, 1.5, 3.25, 2], "texture": "#0"},
				"south": {"uv": [4, 3, 4.5, 3.5], "texture": "#0"},
				"west": {"uv": [4, 1.5, 4.25, 2], "texture": "#0"},
				"up": {"uv": [2.5, 3, 3, 3.25], "texture": "#0"},
				"down": {"uv": [2.5, 1.5, 3, 1.75], "texture": "#0"}
			}
		},
		{
			"from": [8.125, 21.5, 7.25],
			"to": [8.875, 22.5, 7.75],
			"faces": {
				"north": {"uv": [3, 2, 3.375, 2.5], "texture": "#0"},
				"east": {"uv": [4, 3.5, 4.25, 4], "texture": "#0"},
				"south": {"uv": [2.5, 3, 2.875, 3.5], "texture": "#0"},
				"west": {"uv": [2.5, 1.5, 2.75, 2], "texture": "#0"},
				"up": {"uv": [4, 1, 4.375, 1.25], "texture": "#0"},
				"down": {"uv": [3.5, 3.5, 3.875, 3.75], "texture": "#0"}
			}
		},
		{
			"from": [8.375, 22.5, 7.375],
			"to": [8.625, 23.5, 7.625],
			"faces": {
				"north": {"uv": [3, 1.5, 3.125, 2], "texture": "#0"},
				"east": {"uv": [3, 3.5, 3.125, 4], "texture": "#0"},
				"south": {"uv": [3.5, 2.5, 3.625, 3], "texture": "#0"},
				"west": {"uv": [2.5, 2.5, 2.625, 3], "texture": "#0"},
				"up": {"uv": [2, 3, 2.125, 3.125], "texture": "#0"},
				"down": {"uv": [4, 1.5, 4.125, 1.625], "texture": "#0"}
			}
		},
		{
			"from": [8.20711, 12.60539, 6.875],
			"to": [8.39461, 17.29289, 8.0625],
			"rotation": {"angle": -22.5, "axis": "z", "origin": [8.30086, 13.79289, 7.5]},
			"faces": {
				"north": {"uv": [2, 5, 2.09375, 7.34375], "texture": "#0"},
				"east": {"uv": [2.5, 4, 3.09375, 6.34375], "texture": "#0"},
				"south": {"uv": [2.5, 4, 2.59375, 6.34375], "texture": "#0"},
				"west": {"uv": [2, 4, 2.59375, 6.34375], "texture": "#0"},
				"up": {"uv": [3, 6.5, 3.09375, 7.09375], "texture": "#0"},
				"down": {"uv": [2.5, 6.5, 2.59375, 7.09375], "texture": "#0"}
			}
		},
		{
			"from": [8.51961, 12.48039, 6.9375],
			"to": [8.70711, 17.04289, 8.125],
			"rotation": {"angle": 22.5, "axis": "z", "origin": [8.30086, 13.79289, 7.5]},
			"faces": {
				"north": {"uv": [2, 5, 2.09375, 7.28125], "texture": "#0"},
				"east": {"uv": [2.5, 4, 3.09375, 6.28125], "texture": "#0"},
				"south": {"uv": [2.5, 4, 2.59375, 6.28125], "texture": "#0"},
				"west": {"uv": [2, 4, 2.59375, 6.28125], "texture": "#0"},
				"up": {"uv": [3, 6.5, 3.09375, 7.09375], "texture": "#0"},
				"down": {"uv": [2.5, 6.5, 2.59375, 7.09375], "texture": "#0"}
			}
		}
	],
	"display": {
		"thirdperson_righthand": {
			"rotation": [0, -66, 0],
			"translation": [-1, 6.5, -0.75]
		},
		"thirdperson_lefthand": {
			"rotation": [0, -66, 0],
			"translation": [-1, 6.5, 0.25]
		},
		"firstperson_righthand": {
			"rotation": [-53, 5, 3],
			"translation": [3.5, 1, 1.5]
		},
		"firstperson_lefthand": {
			"rotation": [-53, -5, 3],
			"translation": [3.5, 1, 1.5]
		},
		"ground": {
			"rotation": [-180, 0, 0],
			"translation": [0, 10, 0]
		},
		"gui": {
			"rotation": [0, 0, -45],
			"translation": [1.25, 1.75, 0],
			"scale": [0.5, 0.5, 1]
		},
		"head": {
			"translation": [0, -0.25, 0]
		},
		"fixed": {
			"rotation": [0, 0, 45],
			"translation": [-3.5, 3, -1.25]
		}
	},
	"groups": [
		0,
		{
			"name": "top",
			"origin": [0, 0, 0],
			"color": 0,
			"children": [1, 2, 3, 4, 5, 6, 7]
		},
		8,
		9
	]
}